{
  "alcance_repulsao": 101.06636939022988,
  "peso_repulsao": 1.7062025246882853,
  "vel_jogador": 8.887480219176012
}